{"stats":{"minecraft:picked_up":{"minecraft:wheat_seeds":2},"minecraft:custom":{"minecraft:jump":43,"minecraft:time_since_rest":17857,"minecraft:damage_taken":20,"minecraft:crouch_one_cm":65,"minecraft:leave_game":2,"minecraft:play_time":17857,"minecraft:sprint_one_cm":3643,"minecraft:time_since_death":17857,"minecraft:walk_on_water_one_cm":320,"minecraft:walk_one_cm":2764,"minecraft:sneak_time":289,"minecraft:total_world_time":17857,"minecraft:fall_one_cm":1449,"minecraft:fly_one_cm":153323,"minecraft:aviate_one_cm":79813},"minecraft:used":{"minecraft:cherry_sapling":5},"minecraft:mined":{"minecraft:tall_grass":6,"minecraft:grass":2}},"DataVersion":3465}