{
  "minecraft:recipes/transportation/mangrove_boat": {
    "criteria": {
      "in_water": "2024-08-07 21:35:01 +0000"
    },
    "done": true
  },
  "minecraft:recipes/decorations/crafting_table": {
    "criteria": {
      "unlock_right_away": "2024-08-07 21:22:01 +0000"
    },
    "done": true
  },
  "minecraft:end/elytra": {
    "criteria": {
      "elytra": "2024-08-07 21:34:08 +0000"
    },
    "done": true
  },
  "minecraft:recipes/transportation/acacia_boat": {
    "criteria": {
      "in_water": "2024-08-07 21:35:01 +0000"
    },
    "done": true
  },
  "minecraft:recipes/transportation/cherry_boat": {
    "criteria": {
      "in_water": "2024-08-07 21:35:01 +0000"
    },
    "done": true
  },
  "minecraft:adventure/adventuring_time": {
    "criteria": {
      "minecraft:taiga": "2024-08-07 21:35:19 +0000",
      "minecraft:frozen_river": "2024-08-07 21:34:29 +0000",
      "minecraft:beach": "2024-08-07 21:35:18 +0000",
      "minecraft:river": "2024-08-07 21:35:44 +0000",
      "minecraft:snowy_plains": "2024-08-07 21:34:28 +0000",
      "minecraft:cold_ocean": "2024-08-07 21:34:49 +0000",
      "minecraft:deep_cold_ocean": "2024-08-07 21:34:51 +0000",
      "minecraft:frozen_ocean": "2024-08-07 21:34:37 +0000",
      "minecraft:snowy_beach": "2024-08-07 21:34:33 +0000",
      "minecraft:plains": "2024-08-07 21:22:02 +0000"
    },
    "done": false
  },
  "minecraft:recipes/transportation/bamboo_raft": {
    "criteria": {
      "in_water": "2024-08-07 21:35:01 +0000"
    },
    "done": true
  },
  "minecraft:recipes/transportation/spruce_boat": {
    "criteria": {
      "in_water": "2024-08-07 21:35:01 +0000"
    },
    "done": true
  },
  "minecraft:recipes/transportation/birch_boat": {
    "criteria": {
      "in_water": "2024-08-07 21:35:01 +0000"
    },
    "done": true
  },
  "minecraft:recipes/transportation/oak_boat": {
    "criteria": {
      "in_water": "2024-08-07 21:35:01 +0000"
    },
    "done": true
  },
  "minecraft:recipes/transportation/jungle_boat": {
    "criteria": {
      "in_water": "2024-08-07 21:35:01 +0000"
    },
    "done": true
  },
  "minecraft:recipes/transportation/dark_oak_boat": {
    "criteria": {
      "in_water": "2024-08-07 21:35:01 +0000"
    },
    "done": true
  },
  "DataVersion": 3465
}